Damon,61407072882
Bryce,61448955218
Loz,61420541992
Phil,61437269556
Raf,61407072882
Erda,61448955218
Inigo,61420541992
Jasmin,61437269556
Nyssa,61407072882
Lewiss,61448955218
Hermann,61420541992
Marcela,61437269556
Eustacia,61407072882
Noelle,61448955218
Ricky,61420541992
Rupert,61437269556
Livvy,61407072882
Haskell,61448955218
Joshia,61420541992
Aloysius,61437269556
Garnette,61407072882
Holly,61448955218
Carlie,61420541992
Roselle,61437269556
Francoise,61407072882
Moira,61448955218
Abe,61420541992
Andie,61437269556
Win,61407072882
Amalle,61448955218
Gizela,61420541992
Kandy,61437269556
Kelsey,61407072882
Deane,61448955218
Husein,61420541992
Raddy,61437269556
Audi,61407072882
Cristie,61448955218
Deane,61420541992
Madella,61437269556
Tallulah,61407072882
Ginni,61448955218
Perri,61420541992
Garv,61437269556
Teriann,61407072882
Cherish,61448955218
Rob,61420541992
Concordia,61437269556
Abby,61407072882
Georg,61448955218
Kort,61420541992
Renaldo,61437269556
Marcelline,61407072882
Mildred,61448955218
Jennette,61420541992
Sari,61437269556
Norah,61407072882
Sterne,61448955218
Paulo,61420541992
Cindie,61437269556
Aldis,61407072882
Alexander,61448955218
Gregorio,61420541992
Zea,61437269556
Frankie,61407072882
Sidonia,61448955218
Dennet,61420541992
Shantee,61437269556
Kym,61407072882
Francis,61448955218
Angelina,61420541992
Kizzee,61437269556
Loise,61407072882
Steve,61448955218
Fabian,61420541992
Vergil,61437269556
Rossy,61407072882
Leonerd,61448955218
Udell,61420541992
Caryl,61437269556
Sydel,61407072882
Tiffanie,61448955218
Boy,61420541992
Kerry,61437269556
Boy,61407072882
Daniela,61448955218
Giuseppe,61420541992
Gleda,61437269556
Stefan,61407072882
Pippo,61448955218
Jaynell,61420541992
Enrico,61437269556
Isabelita,61407072882
Brendin,61448955218
Roldan,61420541992
Ikey,61437269556
Gennie,61407072882
Julienne,61448955218
Carrissa,61420541992
Ula,61437269556
Cissy,61407072882
Maritsa,61448955218
Jemie,61420541992
Cleo,61437269556
