Evie,61122454001,Damon,61702160981
Bryce,61838619660,Kathryn,61356850385
Loz,61958646980,Josh,61892961010
Phil,61327921026,Meg,61517257117
Raf,61883088277,Garey,61508128043
Erda,61963588825,Morissa,616320726
Inigo,61389147591,Norby,61925248159
Jasmin,61854099505,Gennie,61526790778
Nyssa,61285789933,Ettore,61195993774
Lewiss,61151039283,Rawley,61723100114
Hermann,61110320113,Obadias,61997268855
Marcela,61782984006,Aprilette,6181901929
Eustacia,61775405655,Marvin,61169719005
Noelle,61961548785,Helene,61476960858
Ricky,61181623998,Isahella,61494171622
Rupert,6196705752,Ceil,61584443269
Livvy,61728215221,Devy,61520104483
Haskell,61410471959,Lacy,61336322757
Joshia,61866818440,Audrey,61993966242
Aloysius,61832808013,Patrizia,61803341532
Garnette,61654604028,Kalila,61968578185
Holly,61876254973,Mellisa,61274622972
Carlie,61723740877,Jourdan,61991769269
Roselle,61281525047,Nikola,61229558161
Francoise,61864050441,Jordain,61126010225
Moira,61513713082,Gunner,61356783011
Abe,61226729268,Marleen,61410758495
Andie,61181151286,Augustus,61408758043
Win,61205887402,Hulda,61364234549
Amalle,6150105306,Marc,61981613283
Gizela,6130260742,Petra,61820022619
Kandy,61748519710,Karen,61388077590
Kelsey,61772298070,Velma,61493135594
Deane,61892112808,Carmelina,61330783987
Husein,61849354858,Mikael,61106779692
Raddy,61887778016,Catlin,61241654087
Audi,61944593589,Mikel,61607717882
Cristie,61565251162,Jammal,61690969188
Deane,61243909130,Artemis,6199781686
Madella,61936222978,Hildagard,61317554723
Tallulah,61509588730,Floyd,61389752350
Ginni,61552103591,Byrom,61233760861
Perri,6147083843,Ilyse,61482331576
Garv,61314359073,Kali,61728706944
Teriann,6134746239,Portia,61604118039
Cherish,61446914866,Donny,61148849354
Rob,61298070635,Page,61657900942
Concordia,61810929142,Mariel,61914450610
Abby,61712942181,Broderic,61319909042
Georg,61294373931,Abramo,61638526814
Kort,61550353001,Quinlan,61850378010
Renaldo,61500658053,Bourke,61282555301
Marcelline,61753039297,Estell,61942490247
Mildred,61757293403,Dolli,61103000754
Jennette,61452615823,Gregg,61345258146
Sari,61718384291,Julianne,61364574078
Norah,6152299416,Olivia,61884968611
Sterne,61719466398,Ailsun,61827663500
Paulo,61835782428,Alla,61703027629
Cindie,61704299836,Willa,61955362293
Aldis,61509517035,Dorey,61240195454
Alexander,61378523770,Gratia,61480768905
Gregorio,61737326526,Adoree,61789522136
Zea,61795909565,Diena,61960541496
Frankie,61602592175,Ravid,61661119169
Sidonia,61658126283,Dallon,61846655812
Dennet,61322479945,Dulciana,61223562103
Shantee,61372833642,Yehudi,61650928971
Kym,61263724932,Filbert,61391212773
Francis,61807300379,Rebekkah,61489270066
Angelina,61724709233,Wenona,61498712205
Kizzee,61741544173,Tessy,6129468736
Loise,61910967085,Gertrude,61943783757
Steve,61258453930,Laurice,61205043362
Fabian,61935188791,Basile,61711186582
Vergil,61512679312,Bradney,61480326376
Rossy,61925667845,Gabby,6171861825
Leonerd,61507311423,Alina,61948076577
Udell,61734475519,Theadora,61805391327
Caryl,61749428371,Marina,61965860520
Sydel,61860559414,Teresa,61798683932
Tiffanie,61878885757,Skylar,61360829449
Boy,61956247030,Guillermo,61903125472
Kerry,61587423160,Pansie,61814788708
Boy,61452357208,Marlo,61859962775
Daniela,61130160519,Timotheus,61318699259
Giuseppe,61833658939,Chantalle,61513008702
Gleda,61412630246,Pryce,61194430387
Stefan,61896838399,Faye,61415815434
Pippo,61886534236,Filide,61480308187
Jaynell,61889146171,Ailey,61513967484
Enrico,61747011789,Clara,61546046948
Isabelita,61756811905,Dennie,61668574140
Brendin,61621135048,Hettie,61152912295
Roldan,61960710153,Charmaine,6162565168
Ikey,6181387644,May,61368257638
Gennie,61613444875,Pattin,61674648169
Julienne,61465141838,Berry,61544990772
Carrissa,61591667476,Silvain,61488895415
Ula,61975496556,Hortensia,6156894064
Cissy,6164004216924,Temp,6161407072882
Maritsa,6164029323513,Burl,6161448955218
Jemie,6164054430102,Isabel,6161420541992
Cleo,6164079536692,Goldie,6161437269556
